Sl. No,Name of Incident,Date,Month,Year,Country,Type of Event,Place Name,Impact,Affected Population,Important Person/Group Responsible,Outcome
11,PokhranUnknownII Nuclear Tests,11,5,1998,India,Nuclear Test,Pokhran,India declared itself a nuclear state,International community,Atal Bihari Vajpayee,Mixed
12,Mumbai Terror Attacks,26,11,2008,India,Terrorism,Mumbai,Highlighted the threat of international terrorism,Citizens of Mumbai,LashkarUnknowneUnknownTaiba,Negative
18,Operation Blue Star,1,6,1984,India,Military Operation,Amritsar,Removal of armed militants from Golden Temple but led to controversy,Sikh community,"Indian Government, Sikh militants",Negative
19,Kargil War,Unknown,5,1999,India,Military Conflict,"Kargil, Ladakh",India regained control of Kargil; heightened patriotism,Indian Armed Forces,"Indian Government, Pakistani Military",Positive
20,Right to Information Act Enacted,15,6,2005,India,Legislation,India,Empowered citizens to seek information from public authorities,Indian citizens,Government of India,Positive
21,Nirbhaya Case,16,12,2012,India,Criminal Incident,New Delhi,Brought attention to women's safety and led to legal reforms,Indian women,"Indian society, Government of India",Positive
23,Ram Mandir Bhoomi Pujan,5,8,2020,India,Cultural/Religious,Ayodhya,Beginning of the construction of Ram Temple at disputed site,Hindu community,"Government of India, Hindu activists",Positive
24,India's First Hyperloop Project Announcement,Unknown,2,2018,India,Infrastructure,Maharashtra,Proposal for highUnknownspeed transportation system,Potential commuters,"Virgin Hyperloop One, State Government",Positive
30,Bhopal Gas Tragedy,3,12,1984,India,Industrial Disaster,"Bhopal, Madhya Pradesh",World's worst industrial disaster,Residents of Bhopal,Union Carbide Corporation,Negative
31,Economic Reforms and Liberalization,Unknown,7,1991,India,Economic Policy,India,Opening of the Indian economy to global markets and investors,"Indian businesses, workers","Manmohan Singh, P.V. Narasimha Rao",Positive
32,Kandahar Hijacking (IC 814),24,12,1999,India,Terrorism,"Kandahar, Afghanistan",Highlighted issues in aviation security and terrorism,"Passengers, crew","Hijackers, Indian Government",Negative
33,2001 Indian Parliament Attack,13,12,2001,India,Terrorism,New Delhi,Led to increased tensions between India and Pakistan,Indian political system,"Terrorist groups, Government of India",Negative
34,Right to Education Act,4,8,2009,India,Legislation,India,Ensured free and compulsory education for children,Children aged 6 to 14,Government of India,Positive
35,Article 370 Revocation for Jammu & Kashmir,5,8,2019,India,Political,Jammu & Kashmir,Changed the special status and autonomy of J&K,Residents of J&K,Government of India,Mixed
36,Supreme Court Verdict on Ayodhya,9,11,2019,India,Judiciary,Ayodhya,Paved the way for the construction of a Ram Temple,Hindu and Muslim communities,Supreme Court of India,Mixed
37,Opening of BandraUnknownWorli Sea Link,30,6,2009,India,Infrastructure,Mumbai,Improved connectivity and reduced travel time in Mumbai,Commuters in Mumbai,Government of Maharashtra,Positive
38,Statue of Unity Unveiled,31,10,2018,India,Cultural/Political,Gujarat,"Became the world's tallest statue, symbolizing unity",Indian citizens,Government of India,Positive
39,Triple Talaq Bill Passed,30,7,2019,India,Legislation,India,Made instant triple talaq a criminal offence,Muslim women,Parliament of India,Positive
40,India's First Transgender University,Unknown,1,2020,India,Education,Uttar Pradesh,Empowered the transgender community through education,Transgender community,Dr. Akhilesh Das Gupta Foundation,Positive
41,Nationwide Lockdown due to COVIDUnknown19,24,3,2020,India,Public Health,India,Aimed to prevent the spread of COVIDUnknown19; significant economic impact,Entire population,Government of India,Negative
42,Historic Win in Cricket World Cup 1983,25,6,1983,India,Sports,"Lord's, England","Marked India's first Cricket World Cup win, boosting the sport's popularity",Indian sports fans,Indian cricket team,Positive
43,2013 Uttarakhand Floods,Unknown,6,2013,India,Natural Disaster,Uttarakhand,Severe floods causing massive destruction and loss of life,"Residents, pilgrims","State Government, National Disaster Response Force",Negative
44,Indian Mars Orbiter Mission Success,24,9,2014,India,Space Exploration,Mars,"Made India the first Asian nation to reach Mars orbit, and at first attempt",Indian scientific community,ISRO,Positive
45,India Wins ICC T20 World Cup 2007,24,9,2007,India,Sports,South Africa,Boosted the popularity of T20 cricket in India and worldwide,Indian sports fans,Indian cricket team,Positive
46,India's Demonetisation Campaign,8,11,2016,India,Economic Policy,Nationwide,"Aimed to curb illegal cash holdings, and promote digital transactions",Entire population,"Government of India, Prime Minister Narendra Modi",Mixed
47,Introduction of UPI (Unified Payment Interface),Unknown,4,2016,India,Financial Technology,Nationwide,"Revolutionized digital payments in India, making transactions simple and fast","Indian consumers, businesses",National Payments Corporation of India (NPCI),Positive
48,Jio Telecom Launch,5,9,2016,India,Telecommunications,Nationwide,Dramatically increased internet accessibility and usage in India,Indian population,Reliance Industries,Positive
49,Abolition of Instant Triple Talaq,30,7,2019,India,Legal,Nationwide,Protected Muslim women's rights by making instant triple talaq illegal,Muslim women,Parliament of India,Positive
50,Asiatic Lion Census Showing Population Increase,Unknown,5,2020,India,Wildlife Conservation,Gujarat,"Indicated successful conservation efforts, with an increase in the Asiatic lion population",Asiatic lions,"Wildlife Conservationists, Government of Gujarat",Positive
51,Decriminalisation of Section 377,6,9,2018,India,Legal,Nationwide,"Landmark judgement for LGBTQ+ rights in India, decriminalizing homosexuality",LGBTQ+ community,Supreme Court of India,Positive
52,Launch of ChandrayaanUnknown1,22,10,2008,India,Space Exploration,Moon,"India's first lunar mission, contributing significant findings like water molecules on Moon",Scientific community,Indian Space Research Organisation (ISRO),Positive
53,Start of Swachh Bharat Mission,2,10,2014,India,Environmental/Social,Nationwide,"Aimed at cleaning up the streets, roads and infrastructure of cities, towns, and rural areas",Indian population,"Government of India, Prime Minister Narendra Modi",Positive
54,Pulwama Terrorist Attack,14,2,2019,India,Terrorism,"Pulwama, Jammu and Kashmir",Led to a significant military and diplomatic standoff between India and Pakistan,Indian security forces,JaishUnknowneUnknownMohammed,Negative
55,Historic Solar Alliance Initiative,30,11,2015,India,International Cooperation,"Paris, France",India coUnknownlaunched the International Solar Alliance to promote solar energy globally,Global community,"Government of India, France",Positive
56,GST (Goods and Services Tax) Implementation,1,7,2017,India,Economic Reform,Nationwide,"Unified the country's tax system, replacing multiple indirect taxes with a single tax","Businesses, consumers",Government of India,Positive
57,Citizenship Amendment Act (CAA) Implementation,12,12,2019,India,Legislation,Nationwide,Led to widespread protests due to concerns over citizenship criteria based on religion,Indian citizens,Government of India,Mixed
58,2016 Uri Attack and Subsequent Surgical Strikes,18,9,2016,India,Military,"Uri, Jammu and Kashmir",Led to crossUnknownborder surgical strikes by India against militant launch pads in Pakistan,Military forces,Indian Army,Mixed
81,Bharatiya Janata Party (BJP),6,4,1980,India,Political Party,New Delhi,"Major political party in India, influencing the country's political landscape and governance policies.",Indian citizens,"Atal Bihari Vajpayee, L.K. Advani",Positive
82,Securities and Exchange Board of India (SEBI),12,4,1988,India,Regulatory Body,Mumbai,"Regulates the securities market in India, protecting investors and promoting the development of the securities market.","Investors, financial market participants",Government of India,Positive
91,Pakistan's Nuclear Tests (ChagaiUnknownI),28,5,1998,Pakistan,Nuclear Test,"Chagai, Balochistan","Pakistan becomes a nuclear power, conducting its first successful nuclear tests.",International community,Government of Pakistan,Mixed
92,Kargil Conflict,Unknown,5,1999,Pakistan,Military Conflict,"Kargil, Kashmir",A military conflict between India and Pakistan in the Kargil district of Kashmir.,Citizens of India and Pakistan,India and Pakistan,Negative
93,2005 Kashmir Earthquake,8,10,2005,Pakistan,Natural Disaster,"Kashmir, Pakistan","A devastating earthquake affecting Kashmir region, causing widespread damage and casualties.",Residents of Kashmir,"Government of Pakistan, International Aid",Negative
94,Assassination of Benazir Bhutto,27,12,2007,Pakistan,Political,Rawalpindi,The assassination of the former Prime Minister of Pakistan and a major political figure.,Pakistani citizens,Unknown assailants,Negative
95,Operation ZarbUnknowneUnknownAzb,15,6,2014,Pakistan,Military Operation,North Waziristan,A military operation against insurgent groups in North Waziristan part of the War on Terror.,Residents of North Waziristan,Pakistan Armed Forces,Positive
96,2014 Peshawar School Massacre,16,12,2014,Pakistan,Terrorism,Peshawar,"A terrorist attack on the Army Public School, resulting in massive casualties, mostly children.","Students, teachers, families",TehrikUnknowniUnknownTaliban Pakistan,Negative
97,ChinaUnknownPakistan Economic Corridor (CPEC) Agreement,20,4,2015,Pakistan,Economic/Infrastructure,Pakistan,A collection of infrastructure projects that are under construction throughout Pakistan.,Pakistani citizens,"Government of Pakistan, China",Positive
98,Panama Papers Case & Disqualification of PM Nawaz Sharif,28,7,2017,Pakistan,Political Corruption,Islamabad,Led to the disqualification of Prime Minister Nawaz Sharif from holding public office.,Pakistani citizens,Supreme Court of Pakistan,Mixed
99,Kartarpur Corridor Opening,9,11,2019,Pakistan,Diplomatic/Religious,Kartarpur,"A border corridor between Pakistan and India, allowing Sikh pilgrims visaUnknownfree access to a holy site.",Sikh community,Governments of Pakistan and India,Positive
100,FATF Grey List,Unknown,6,2018,Pakistan,International Finance,"Paris, France",Pakistan placed on the 'grey list' by the Financial Action Task Force for terror financing and money laundering risks.,Pakistani economy,Financial Action Task Force (FATF),Negative
101,Imran Khan Elected as Prime Minister,18,8,2018,Pakistan,Political,Islamabad,"Marks the first time a former cricketer transitioned to the Prime Minister, promising reform.",Pakistani citizens,Pakistan TehreekUnknowneUnknownInsaf (PTI),Positive
102,Abolition of FATA,31,5,2018,Pakistan,Administrative,Federally Administered Tribal Areas,"Integrated the tribal regions into the Khyber Pakhtunkhwa province, aiming to mainstream the governance.",Residents of FATA,Government of Pakistan,Positive
103,2019 Pulwama Attack and IndiaUnknownPakistan Standoff,14,2,2019,Pakistan,Military/Political,"Pulwama, India","Led to heightened military tensions between India and Pakistan, including crossUnknownborder air strikes.",Citizens of India and Pakistan,"JaishUnknowneUnknownMohammed, Governments of India and Pakistan",Negative
106,Siachen Glacier Conflict,Unknown,4,1984,Pakistan,Military Conflict,Siachen Glacier,A military conflict between India and Pakistan over the disputed Siachen Glacier region in Kashmir.,Indian & Pakistani militaries,India and Pakistan,Negative
110,Islamabad Declaration,22,1,1980,Pakistan,International Relations,Islamabad,An Islamic summit that led to the creation of the Economic Cooperation Organization (ECO).,ECO member states,Leaders of MuslimUnknownmajority countries,Positive
111,Motorway Network Development,Unknown,11,1997,Pakistan,Infrastructure,Nationwide,Development of a network of motorways to improve transportation and trade.,Pakistani citizens,Government of Pakistan,Positive
112,Women's Protection Bill,15,11,2006,Pakistan,Legislation,Islamabad,Aims to amend and strengthen laws related to women's rights and protection.,Women in Pakistan,Parliament of Pakistan,Positive
113,Malala Yousafzai's Nobel Peace Prize,10,12,2014,Pakistan,International Recognition,"Oslo, Norway",Awarded for her struggle against the suppression of children and young people and for the right of all children to education.,Global community,"Malala Yousafzai, Kailash Satyarthi",Positive
114,ChinaUnknownPakistan Friendship Highway Completion,Unknown,6,1986,Pakistan,Infrastructure,Khunjerab Pass to Hassan Abdal,"Part of the Karakoram Highway, symbolizing the strong bilateral relationship between China and Pakistan.","Residents, traders",Governments of China and Pakistan,Positive
115,Benazir Income Support Programme Launch,Unknown,7,2008,Pakistan,Social Welfare Program,Nationwide,A federal unconditional cash transfer poverty reduction program in Pakistan.,LowUnknownincome families,Government of Pakistan,Positive
116,18th Amendment to the Constitution,19,4,2010,Pakistan,Constitutional Amendment,Islamabad,A landmark amendment that devolved significant powers from the federal government to the provinces.,Pakistani citizens,Parliament of Pakistan,Positive
117,Pakistan's First Satellite Launch,16,7,1990,Pakistan,Space Exploration,"Xichang, China","Launch of BadrUnknown1, Pakistan's first indigenously developed and manufactured satellite.",Pakistani scientific community,SUPARCO,Positive
118,Protection of Women Act,29,11,2006,Pakistan,Legislation,Islamabad,Enhances legal protections for women against violence and discrimination.,Women in Pakistan,Parliament of Pakistan,Positive
119,National Database and Registration Authority (NADRA) Establishment,1998,3,1998,Pakistan,Government Agency,Islamabad,Established to maintain a secure and efficient national identity system.,Pakistani citizens,Government of Pakistan,Positive
121,HEC Digital Library Initiative,2004,2,2004,Pakistan,Education,Nationwide,Provides students and researchers access to international scholarly literature.,"Students, researchers",Higher Education Commission of Pakistan,Positive
122,Gwadar Port Development,22,3,2002,Pakistan,Infrastructure,Gwadar,"Development of a major deepUnknownsea port in the Arabian Sea, aiming to enhance trade.","Pakistani economy, regional trade","Government of Pakistan, China",Positive
123,National Action Plan Against Terrorism,24,12,2014,Pakistan,Security Policy,Nationwide,A comprehensive action plan for tackling terrorism in Pakistan following the Peshawar school massacre.,Pakistani citizens,Government of Pakistan,Positive
126,1983 Black July Riots,23,7,1983,Sri Lanka,Ethnic Conflict,"Colombo, others",Triggered a civil war between the Sri Lankan government and LTTE.,"Sri Lankan Tamils, general population",Various groups and individuals,Negative
127,Tsunami Disaster,26,12,2004,Sri Lanka,Natural Disaster,Coastal Sri Lanka,"One of the deadliest natural disasters in Sri Lanka, leading to significant loss of life and displacement.","Coastal residents, general population",Unknown,Negative
128,End of the Civil War,18,5,2009,Sri Lanka,Military,Mullaitivu,Ended nearly three decades of conflict between the Sri Lankan government and LTTE.,"Sri Lankan citizens, especially Tamils","Mahinda Rajapaksa, Sri Lankan Armed Forces",Positive
132,1987 IndoUnknownSri Lanka Accord,29,7,1987,Sri Lanka,International Agreement,Colombo,"Aimed to resolve the civil war and ensure Tamil rights, leading to Indian Peace Keeping Force deployment.","Sri Lankan Tamils, general population","J.R. Jayewardene, Rajiv Gandhi",Mixed
133,2002 Ceasefire Agreement with LTTE,22,2,2002,Sri Lanka,Peace Process,Nationwide,"A temporary halt in hostilities, aiming for a lasting peace solution.",ConflictUnknownaffected populations,"Ranil Wickremesinghe, LTTE",Mixed
134,Victory over Terrorism Day,18,5,2010,Sri Lanka,Commemoration,Nationwide,Marks the end of the civil war and the defeat of LTTE.,Sri Lankan citizens,Government of Sri Lanka,Positive
138,2019 Easter Bombings,21,4,2019,Sri Lanka,Terrorism,"Colombo, others",A series of coordinated terrorist suicide bombings targeting churches and hotels.,"Christians, tourists",National Thowheeth Jama'ath,Negative
143,Sigiriya Designated as a UNESCO World Heritage Site,Unknown,12,1982,Sri Lanka,Cultural Heritage,Sigiriya,"Recognition of the ancient rock fortress for its historical, archaeological, and artistic value.",Global and local tourists,UNESCO,Positive
161,Handover of Hong Kong,1,7,1997,China,International Agreement,Hong Kong,Marked the return of Hong Kong from British to Chinese sovereignty.,Residents of Hong Kong,British and Chinese governments,Mixed
162,China Hosts the Olympic Games,8,8,2008,China,International Sports Event,Beijing,Showcased China's emergence as a global power and led to widespread infrastructural improvements in Beijing.,Global audience,"International Olympic Committee, Chinese government",Positive
174,OneUnknownChild Policy Introduced,Unknown,9,1979,China,Population Control Policy,Nationwide,Aimed to control the rapidly growing population of China through strict family planning.,Chinese families,Chinese government,Mixed
176,Deng Xiaoping's Southern Tour,Unknown,1,1992,China,Economic Reform,Southern China,"Reaffirmed the commitment to economic reforms and openingUnknownup policies, leading to rapid economic growth.",Chinese citizens,Deng Xiaoping,Positive
177,Return of Hong Kong,1,7,1997,China,Sovereignty Transition,Hong Kong,Marked the transfer of sovereignty over Hong Kong from the United Kingdom to China.,Residents of Hong Kong,British and Chinese governments,Mixed
178,Return of Macau,20,12,1999,China,Sovereignty Transition,Macau,"Similar to Hong Kong's return, marked the transfer of sovereignty over Macau from Portugal to China.",Residents of Macau,Portuguese and Chinese governments,Mixed
179,2008 Beijing Olympics,8,8,2008,China,International Sports Event,Beijing,Showcased China's emergence as a global power and led to widespread infrastructural improvements in Beijing.,Global audience,"International Olympic Committee, Chinese government",Positive
180,Shanghai Cooperation Organization Establishment,15,6,2001,China,International Organization,Shanghai,"Founded to promote multilateral cooperation in security, economy, and culture among member states.",Member states,"China, Russia, Central Asian states",Positive
196,Tiananmen Square Protests,Unknown,6,1989,China,Political,Beijing,ProUnknowndemocracy protests calling for political reform; violently suppressed by the government.,"Protesters, general public","Chinese government, protesters",Negative
197,Hong Kong Handover,1,7,1997,China,Sovereignty Transition,Hong Kong,Transfer of sovereignty over Hong Kong from the United Kingdom to China.,Residents of Hong Kong,British and Chinese governments,Mixed
198,China Joins the World Trade Organization (WTO),11,12,2001,China,International Economic Integration,Geneva,"Marked China's deeper integration into the global economy, significantly boosting trade.","Global economy, Chinese exporters",Chinese government,Positive
199,2008 Beijing Olympic Games,8,8,2008,China,International Sports Event,Beijing,Showcased China's emergence as a global power and led to widespread infrastructural improvements in Beijing.,Global audience,"International Olympic Committee, Chinese government",Positive
200,Belt and Road Initiative Announced,Unknown,9,2013,China,Economic and Infrastructure Project,Nationwide,A global development strategy adopted by the Chinese government involving infrastructure development and investments.,"Global, especially participating countries",Xi Jinping,Mixed
201,SARS Epidemic,Unknown,2,2002,China,Health Crisis,Guangdong,A severe outbreak that underscored the need for global public health cooperation and transparency.,Global population,Unknown,Negative
202,AntiUnknownSecession Law Passed,14,3,2005,China,Legislation,Beijing,"Aimed at preventing Taiwan's independence through nonUnknownpeaceful means, escalating crossUnknownstrait tensions.",Chinese and Taiwanese populations,National People's Congress of China,Mixed
203,HighUnknownSpeed Rail Expansion,Unknown,4,2008,China,Infrastructure Development,Nationwide,"Initiated extensive development of the highUnknownspeed rail network, revolutionizing domestic travel and connectivity.",Chinese citizens,"Chinese government, Ministry of Railways",Positive
204,Shanghai World Expo,1,5,2010,China,International Exhibition,Shanghai,"Showcased China's cultural and economic global integration, attracting participants and visitors worldwide.",International visitors,"Shanghai World Expo Bureau, International Participants",Positive
205,Xi Jinping Assumes Presidency,14,3,2013,China,Political,Beijing,"Marked the beginning of Xi Jinping's leadership, significantly impacting China's domestic policies and global stance.",Chinese citizens,Xi Jinping,Mixed
206,Made in China 2025 Initiative Announced,Unknown,5,2015,China,Economic Policy,Nationwide,"A strategic plan to transition China into a highUnknowntech manufacturing leader, affecting global trade dynamics.","Global economy, Chinese industries",Chinese government,Mixed
207,South China Sea Arbitration Ruling,12,7,2016,China,International Relations,South China Sea,"An international tribunal ruled against China's claims in the South China Sea, which China rejected.",Regional claimant states,"Permanent Court of Arbitration, Chinese government",Negative
208,Chang'eUnknown5 Moon Mission Success,1,12,2020,China,Space Exploration,Moon,"Successfully returned lunar samples to Earth, marking a significant achievement in China's space exploration.",Global scientific community,China National Space Administration,Positive
209,Comprehensive Agreement on Investment with the EU,30,12,2020,China,International Economic Agreement,Brussels,"Aimed to increase investment opportunities between China and the European Union, enhancing economic ties.",EU and Chinese investors,"European Union, Chinese government",Positive
245,SovietUnknownAfghan War,24,12,1979,USSR,Military Conflict,Afghanistan,A costly and ultimately unsuccessful attempt by the Soviet Union to prop up a communist government.,Afghan and Soviet citizens,Leonid Brezhnev,Negative
247,Chernobyl Nuclear Disaster,26,4,1986,USSR,Nuclear Accident,"Chernobyl, Ukraine","The worst nuclear disaster in history, leading to significant health and environmental consequences.",Global population,Unknown,Negative
248,Fall of the Berlin Wall,9,11,1989,USSR,Political,"Berlin, Germany",Symbolized the end of the Cold War and the beginning of German reunification.,East and West Germans,Unknown,Positive
249,Dissolution of the Soviet Union,26,12,1991,USSR,Political,Soviet Union,"Marked the end of the Soviet Union and the emergence of 15 independent republics, including Russia.",Citizens of former USSR,"Mikhail Gorbachev, Boris Yeltsin",Positive
250,Boris Yeltsin Elected as First President of Russia,12,6,1991,Russia,Political,Russia,Signified the transition towards democratic governance and market economics in postUnknownSoviet Russia.,Russian citizens,Boris Yeltsin,Positive
251,Constitutional Crisis in Russia,21,9,1993,Russia,Political Crisis,Moscow,A political standUnknownoff between the Russian president and the parliament culminated in military conflict.,Russian citizens,"Boris Yeltsin, Russian parliament",Negative
253,Financial Crisis in Russia,17,8,1998,Russia,Economic Crisis,Russia,"Led to the Russian government defaulting on its debt, causing significant economic turmoil.",Russian citizens,Russian government,Negative
254,Putin's First Presidential Term,7,5,2000,Russia,Political,Russia,"Marked the beginning of Vladimir Putin's long tenure in power, significantly impacting Russian politics.",Russian citizens,Vladimir Putin,Mixed
255,Moscow Theater Hostage Crisis,23,10,2002,Russia,Terrorism,Moscow,"A deadly siege carried out by Chechen terrorists, ending with numerous casualties.","Hostages, terrorists","Chechen terrorists, Russian security forces",Negative
256,Beslan School Siege,1,9,2004,Russia,Terrorism,"Beslan, North Ossetia","A terrorist attack resulting in over 330 deaths, including many children.",Beslan residents,"Chechen terrorists, Russian security forces",Negative
257,Russia's Annexation of Crimea,18,3,2014,Russia,Political/Territorial Change,Crimea,Led to international sanctions against Russia and significant geopolitical tensions.,"Ukrainians, Russians","Vladimir Putin, Russian government",Negative
258,Intervention in the Syrian Civil War,30,9,2015,Russia,Military Intervention,Syria,"Russia's military intervention on behalf of the Syrian government, affecting the course of the war.",Syrian population,"Vladimir Putin, Russian military",Mixed
259,Skripal Poisoning Incident,4,3,2018,Russia,International Incident,"Salisbury, UK","Led to a diplomatic crisis between Russia and Western countries, with accusations of Russian involvement.","Skripal family, UK citizens",Russian government (alleged),Negative
298,Heisei Era Begins,8,1,1989,Japan,Era Change,Japan,"The ascension of Emperor Akihito marked the beginning of the Heisei era, symbolizing peace and recovery.",Japanese population,Emperor Akihito,Positive
299,Great Hanshin Earthquake,17,1,1995,Japan,Natural Disaster,Kobe,"One of the deadliest earthquakes in Japan's history, leading to significant loss of life and damage.",Residents of affected area,Unknown,Negative
300,Aum Shinrikyo Tokyo Subway Sarin Attack,20,3,1995,Japan,Terrorism,Tokyo,"A deadly terrorist attack by a doomsday cult, shaking public security and trust in authorities.","Commuters, general public",Aum Shinrikyo cult,Negative
302,Japan's Apology for WWII Aggressions,15,8,1995,Japan,Diplomatic Statement,Japan,Prime Minister Tomiichi Murayama issued a formal apology for Japan's wartime aggressions.,Asian neighbors,Tomiichi Murayama (Prime Minister),Positive
303,Kyoto Protocol on Climate Change,11,12,1997,Japan,International Agreement,Kyoto,"An international treaty committing its parties to reduce greenhouse gas emissions, based on the premise of global warming.",Global community,International participants,Positive
305,Fukushima Daiichi Nuclear Disaster,11,3,2011,Japan,Nuclear Accident,Fukushima,"Triggered by a massive earthquake and tsunami, it was one of the worst nuclear disasters in history.","Residents of affected area, global community","TEPCO, Japanese government",Negative
306,JapanUnknownKorea Comfort Women Agreement,28,12,2015,Japan,Diplomatic Agreement,Seoul,"Aimed to resolve the longUnknownstanding issue of ""comfort women"" during WWII, though met with criticism and controversy.","Victims, South Korean and Japanese populations","Shinzo Abe (Prime Minister), Park GeunUnknownhye",Mixed
307,Emperor Akihito's Abdication,30,4,2019,Japan,Historical,Tokyo,"Marked the first abdication of a Japanese emperor in over two centuries, leading to the Reiwa era.",Japanese population,Emperor Akihito,Positive
308,2020 Tokyo Olympics Postponement,24,3,2020,Japan,International Sports Event,Tokyo,The Olympics were postponed for the first time in history due to the COVIDUnknown19 pandemic.,"Global audience, athletes","International Olympic Committee, Japanese government",Mixed
309,Reiwa Era Begins,1,5,2019,Japan,Era Change,Japan,"The ascension of Emperor Naruhito marked the beginning of the Reiwa era, symbolizing harmony and peace.",Japanese population,Emperor Naruhito,Positive
331,Mabo v Queensland Decision,3,6,1992,Australia,Legal Land Rights,High Court of Australia,"Recognized Native Title in Australia, overturning the doctrine of terra nullius and acknowledging Indigenous land rights.",Indigenous Australians,"Eddie Mabo, High Court of Australia",Positive
337,Port Arthur Massacre,28,4,1996,Australia,Gun Violence,"Port Arthur, Tasmania",Led to significant reforms in Australia's gun laws with the National Firearms Agreement.,Australian citizens,John Howard (Prime Minister),Positive
338,Australia Act 1986,3,3,1986,Australia,Constitutional/Legal,"Canberra, London","Severed the remaining constitutional links between Australia and the United Kingdom, establishing full sovereignty.",Australian citizens,"Australian Government, British Government",Positive
339,Apology to Australia's Indigenous Peoples,13,2,2008,Australia,Political,Canberra,"The Australian government formally apologised to the Indigenous Australians for past injustices, particularly the Stolen Generations.",Indigenous Australians,Kevin Rudd (Prime Minister),Positive
346,Australia Acts 1986,Unknown,3,1986,Australia,Legal/Constitutional,"Australia, UK","Ended the British Parliament's ability to legislate for Australia, finalizing legal independence.",Australian citizens,Australian Government,Positive
347,Mabo Decision by the High Court,3,6,1992,Australia,Legal Land Rights,Australia,"Recognized native title in Australia, overturning the doctrine of terra nullius.",Indigenous Australians,"Eddie Mabo, High Court of Australia",Positive
348,Port Arthur Massacre,28,4,1996,Australia,Gun Violence,"Port Arthur, Tasmania",Led to significant reforms in Australia's gun laws with the National Firearms Agreement.,Australian citizens,John Howard,Positive
349,Sydney 2000 Summer Olympics,15,9,2000,Australia,International Sports Event,Sydney,"Showcased Australia's cultural diversity and hospitality, enhancing its global image.",Global audience,Australian Government,Positive
350,Apology to the Stolen Generations,13,2,2008,Australia,Political,Canberra,The government formally apologized for the forced removal of Indigenous children from their families.,Indigenous Australians,Kevin Rudd,Positive
351,Introduction of Goods and Services Tax (GST),1,7,2000,Australia,Economic Policy,Australia,"Implemented a comprehensive tax system reform, affecting consumption taxation nationwide.",Australian consumers,John Howard,Mixed
352,SameUnknownSex Marriage Legalization,7,12,2017,Australia,Legal/Social,Australia,"Legalized sameUnknownsex marriage, marking a significant advancement in LGBTQ+ rights.",LGBTQ+ Australians,Australian Parliament,Positive
353,"""Tampa"" Refugee Crisis",Unknown,8,2001,Australia,Humanitarian/Political,Indian Ocean,Sparked national and international debate on Australia's asylum seeker policies.,Asylum seekers,John Howard,Negative
354,Black Saturday Bushfires,7,2,2009,Australia,Natural Disaster,Victoria,"One of the deadliest bushfires in Australian history, leading to significant loss of life and property.",Residents of Victoria,State Government of Victoria,Negative
355,Repeal of Carbon Tax,17,7,2014,Australia,Environmental/Economic Policy,Australia,The removal of the carbon tax was a controversial environmental and economic policy change.,Australian citizens,Tony Abbott,Negative
356,Royal Commission into Institutional Responses...,Unknown,1,2013,Australia,Legal Inquiry,Australia,"Investigated abuse in institutions, leading to widespread reforms and apologies to victims.",Abuse survivors,Australian Government,Positive
357,Australia's First Female Prime Minister,24,6,2010,Australia,Political Milestone,Australia,"Julia Gillard became the first female Prime Minister, representing a historic moment in Australian politics.",Australian citizens,Julia Gillard,Positive
379,ANZUS Treaty Suspension,Unknown,9,1986,New Zealand,International Relations,New Zealand,"New Zealand's antiUnknownnuclear stance led to a suspension from the ANZUS security treaty, affirming its nuclearUnknownfree policy.",New Zealanders,David Lange,Positive
380,Introduction of Nuclear Free Zone,8,6,1987,New Zealand,Policy/Legislation,New Zealand,"Legislated New Zealand as a nuclearUnknownfree zone, prohibiting nuclear weapons and power plants within the country.",New Zealanders,New Zealand Government,Positive
381,Homosexual Law Reform Act,9,7,1986,New Zealand,Social Policy,New Zealand,"Decriminalized homosexuality, marking a significant step towards LGBTQ+ rights in New Zealand.","LGBTQ+ Community, New Zealanders",New Zealand Government,Positive
382,Rogernomics Initiatives Begin,Unknown,7,1984,New Zealand,Economic Policy,New Zealand,"Economic reforms aimed at liberalizing the economy, introducing freeUnknownmarket policies.",New Zealanders,Roger Douglas,Mixed
383,Resource Management Act Enacted,Unknown,7,1991,New Zealand,Environmental Legislation,New Zealand,"Provided a framework for managing New Zealand's natural and physical resources, emphasizing sustainability.",New Zealanders,New Zealand Government,Positive
384,1981 Springbok Tour Protests,Unknown,7,1981,New Zealand,Social Unrest,New Zealand,AntiUnknownapartheid protests against the South African rugby team's tour highlighted civil rights and antiUnknownracism issues.,"Protesters, rugby fans",AntiUnknownApartheid Movements,Mixed
386,2011 Christchurch Earthquake,22,2,2011,New Zealand,Natural Disaster,Christchurch,"A devastating earthquake that caused significant loss of life and damage, impacting the nation's resilience and urban planning.","Christchurch residents, New Zealanders",Unknown,Negative
387,Foreshore and Seabed Controversy,Unknown,5,2004,New Zealand,Legal/Political,New Zealand,"Sparked debate over Māori customary rights to the foreshore and seabed, leading to political and legal reform.","Māori, New Zealanders",New Zealand Government,Mixed
388,New Zealand's First Female Prime Minister,5,12,1997,New Zealand,Political Milestone,New Zealand,"Jenny Shipley became the first female Prime Minister, marking a significant moment in New Zealand's political history.",New Zealanders,Jenny Shipley,Positive
389,AntiUnknownNuclear Legislation Enacted,Unknown,6,1987,New Zealand,Environmental Policy,New Zealand,"Cemented New Zealand's stance on remaining nuclearUnknownfree, influencing international relations and environmental policy.",New Zealanders,New Zealand Government,Positive
391,MMP Electoral System Introduced,Unknown,11,1993,New Zealand,Electoral Reform,New Zealand,"Changed the electoral system to Mixed Member Proportional, aiming for fairer representation in Parliament.",New Zealand voters,New Zealand Government,Positive
392,New Zealand Signs Kyoto Protocol,Unknown,5,1998,New Zealand,International Agreement,"Kyoto, Japan","Committed New Zealand to reducing greenhouse gas emissions, aligning with global efforts to combat climate change.",New Zealanders,New Zealand Government,Positive
393,1987 New Zealand Constitution Act,Unknown,12,1987,New Zealand,Constitutional Reform,New Zealand,"Established the legal sovereignty of the New Zealand Parliament, removing the ability of the UK Parliament to legislate for New Zealand.",New Zealanders,New Zealand Government,Positive
394,New Zealand Bill of Rights Act,Unknown,8,1990,New Zealand,Legal Framework,New Zealand,"Affirmed rights and freedoms in New Zealand law, providing comprehensive protection of human rights.",New Zealanders,New Zealand Government,Positive
395,Formation of the Māori Party,Unknown,7,2004,New Zealand,Political Development,New Zealand,"Established to represent Māori interests in Parliament, emphasizing indigenous rights and perspectives.","Māori, political observers",Māori Leaders,Positive
396,Recognition of the Māori Language,Unknown,8,1987,New Zealand,Cultural/Legal,New Zealand,"Made Te Reo Māori an official language of New Zealand, recognizing the cultural heritage and rights of Māori.","Māori, New Zealanders",New Zealand Government,Positive
397,Decriminalization of Homosexuality,Unknown,7,1986,New Zealand,Social Policy,New Zealand,"Decriminalized homosexual acts between consenting adults, marking progress in LGBTQ+ rights.","LGBTQ+ Community, New Zealanders",New Zealand Government,Positive
422,Kim IlUnknownsung’s Death,8,7,1994,North Korea,Political,Pyongyang,Marked the end of Kim IlUnknownsung’s era and the beginning of Kim JongUnknownil’s leadership.,North Korean citizens,Unknown,Negative
423,North Korea's First Nuclear Test,9,10,2006,North Korea,Nuclear Test,Kilju County,"North Korea's first successful nuclear test, significantly impacting international relations and security dynamics.",International community,Kim JongUnknownil,Negative
426,Gwangju Uprising,18,5,1980,South Korea,Democratic Uprising,Gwangju,"A mass uprising against the military government, leading to civilian massacres and a call for democratic reforms.",Gwangju residents,"Chun DooUnknownhwan, democratic activists",Positive
427,Seoul Olympics,17,9,1988,South Korea,International Sports Event,Seoul,Showcased South Korea's emergence on the world stage and contributed to its global cultural and economic presence.,International audience,Roh TaeUnknownwoo,Positive
428,Kim DaeUnknownjung’s Sunshine Policy,Unknown,2,1990,South Korea,Diplomatic Policy,Korean Peninsula,"A policy of engagement with North Korea, leading to a brief period of improved interUnknownKorean relations.",Koreans,Kim DaeUnknownjung,Positive
429,2002 FIFA World Cup,31,5,2002,South Korea,International Sports Event,"South Korea, Japan","CoUnknownhosted with Japan, this event marked South Korea's significant presence in international sports.",Global audience,"FIFA, South Korea, Japan",Positive
430,Impeachment of President Roh MooUnknownhyun,12,3,2004,South Korea,Political,Seoul,"Roh's impeachment for alleged election law violations, highlighting South Korea's political volatility.",South Korean citizens,South Korean National Assembly,Mixed
431,THAAD Deployment Controversy,Unknown,7,2017,South Korea,Military/Political,Seongju County,"Deployment of the US THAAD missile defense system, sparking domestic protests and tensions with China.","South Korean citizens, China","Moon JaeUnknownin, US government",Negative
432,2018 InterUnknownKorean Summit,27,4,2018,South Korea,Diplomatic,Panmunjom,"Leaders of North and South Korea met for talks, renewing hopes for peace and denuclearization on the peninsula.",Koreans,"Moon JaeUnknownin, Kim JongUnknownun",Positive
433,Second Nuclear Test,25,5,2009,North Korea,Nuclear Test,North Korea,"Escalated tensions with the international community, underlining North Korea's commitment to its nuclear program.",International community,Kim JongUnknownil,Negative
434,Death of Kim JongUnknownil,17,12,2011,North Korea,Leadership Change,Pyongyang,Marked the end of Kim JongUnknownil's era and the beginning of Kim JongUnknownun's rule.,North Korean citizens,Unknown,Mixed
435,Kim JongUnknownun Assumes Power,Unknown,12,2012,North Korea,Political,North Korea,"Initiated a new leadership era, with a focus on nuclear development and economic improvement.",North Korean citizens,Kim JongUnknownun,Mixed
446,Normalization of USUnknownVietnam Relations,11,7,1995,Vietnam,Diplomatic,"Vietnam, US","Marked the normalization of relations between Vietnam and the US, including the opening of diplomatic and economic ties.","Vietnamese, Americans","Bill Clinton, Vietnamese Government",Positive
447,Vietnam Joins ASEAN,28,7,1995,Vietnam,International Integration,Southeast Asia,"Vietnam's accession to ASEAN, enhancing regional cooperation and integration.",Vietnamese people,"ASEAN, Vietnamese Government",Positive
448,Vietnam Joins the World Trade Organization,11,1,2007,Vietnam,International Trade Membership,Geneva,"Marked Vietnam's deeper integration into the global economy, promoting trade and investment.",Vietnamese economy,"WTO, Vietnamese Government",Positive
449,1000th Anniversary of Hanoi,10,10,2010,Vietnam,Cultural Celebration,Hanoi,"Celebrated the founding of the city, emphasizing Vietnam's rich history and cultural heritage.",Vietnamese people,Government of Vietnam,Positive
450,Vietnam Hosts APEC Summit,6,11,2017,Vietnam,International Summit,Da Nang,"Hosted leaders from the AsiaUnknownPacific region, showcasing Vietnam's role on the international stage.","Global leaders, Vietnamese people",Government of Vietnam,Positive
451,"Resolution on ""Vietnam's Marine Strategy to 2020""",Unknown,10,2007,Vietnam,Environmental/Economic Policy,Vietnam,"Aimed at sustainable development of marine resources, highlighting Vietnam's commitment to environmental preservation and economic growth.",Vietnamese people,Communist Party of Vietnam,Positive
452,Vietnam's First Communication Satellite,19,4,2008,Vietnam,Technological Advancement,Space,"Launched VINASATUnknown1, marking Vietnam's entry into the space age and enhancing communication capabilities.",Vietnamese people,Government of Vietnam,Positive
453,Historic US Presidential Visit to Vietnam,21,5,2016,Vietnam,Diplomatic,"Hanoi, Ho Chi Minh City",Barack Obama's visit underscored the continued improvement of USUnknownVietnam relations postUnknownnormalization.,"Vietnamese, Americans","Barack Obama, Vietnamese Government",Positive
454,COVIDUnknown19 Pandemic Response,Unknown,1,2020,Vietnam,Health Crisis,Vietnam,Vietnam's effective early response to the COVIDUnknown19 pandemic was internationally praised for its efficiency.,Vietnamese people,Vietnamese Government,Positive
455,Typhoon Damrey Strikes Vietnam,4,11,2017,Vietnam,Natural Disaster,Vietnam,"One of the deadliest typhoons to hit Vietnam in decades, causing significant damage and loss of life.",Residents of affected areas,Unknown,Negative
499,Juhayman alUnknownOtaybi's Seizure of the Grand Mosque,20,11,1979,Saudi Arabia,Security Incident,Mecca,A twoUnknownweek siege that challenged the Saudi royal family's legitimacy and led to stricter religious policies.,"Saudi Arabian citizens, pilgrims",Juhayman alUnknownOtaybi,Negative
501,IranUnknownIraq War and Saudi Involvement,22,9,1980,Saudi Arabia,Regional Conflict,Persian Gulf,"Saudi Arabia supported Iraq, fearing the spread of Iran's revolutionary Shia Islam within the kingdom.",Regional stability,Saudi Government,Mixed
502,First Gulf War,2,8,1990,Saudi Arabia,Military Conflict,"Kuwait, Saudi Arabia",Iraq's invasion of Kuwait led to Saudi Arabia hosting coalition forces and participating in military operations.,Regional stability,"Saudi Government, Coalition Forces",Mixed
504,Introduction of the Basic Law of Governance,1,3,1992,Saudi Arabia,Legal Framework,Unknown,"Formalized the Saudi political and administrative structure, reinforcing the monarchy's Islamic governance model.",Saudi Arabian citizens,King Fahd,Positive
505,Saudi Arabia Joins the WTO,11,12,2005,Saudi Arabia,Economic Integration,Unknown,Enhanced Saudi Arabia's global trade relations and required significant economic reforms for compliance.,Saudi Arabian economy,Saudi Government,Positive
507,Riyadh Compound Bombings,12,5,2003,Saudi Arabia,Terrorism,Riyadh,"AlUnknownQaeda attacks targeting expatriates underscored the internal threat of extremism, leading to security reforms.","Expatriates, Saudi citizens",AlUnknownQaeda,Negative
508,King Abdullah's Ascension,1,8,2005,Saudi Arabia,Leadership Change,Unknown,"Began a period marked by cautious reforms in education, economy, and increased openness to the world.",Saudi Arabian citizens,King Abdullah,Positive
509,Vision 2030 Announced,25,4,2016,Saudi Arabia,Economic/Social Reform Plan,Unknown,"A strategic framework to reduce Saudi Arabia's dependence on oil, diversify its economy, and develop public service sectors.",Saudi Arabian citizens,Mohammed bin Salman,Positive
510,Women Allowed to Drive,24,6,2018,Saudi Arabia,Social Reform,Unknown,"Ended the world's only ban on female drivers, part of broader social reforms to improve women's rights.",Saudi women,Mohammed bin Salman,Positive
511,AntiUnknownCorruption Campaign,4,11,2017,Saudi Arabia,Political Action,Riyadh,"HighUnknownprofile arrests for corruption, signaling power consolidation by Crown Prince Mohammed bin Salman.",Saudi elites,Mohammed bin Salman,Mixed
512,Saudi Intervention in Yemen,26,3,2015,Saudi Arabia,Military Intervention,Yemen,"Led a coalition intervening in Yemen's civil war, aiming to restore the internationally recognized government.","Yemeni civilians, regional stability",Saudi Government,Negative
513,Khashoggi Assassination,2,10,2018,Saudi Arabia,Diplomatic Incident,"Istanbul, Turkey",The murder of journalist Jamal Khashoggi in the Saudi consulate led to international outcry and strained relations.,International community,Saudi Government,Negative
514,RitzUnknownCarlton Riyadh Detentions,4,11,2017,Saudi Arabia,AntiUnknownCorruption Effort,Riyadh,"Prominent figures were detained in an antiUnknowncorruption crackdown, seen as consolidating power around the Crown Prince.",Saudi elites,Mohammed bin Salman,Mixed
515,G20 Summit Hosted in Riyadh,21,11,2020,Saudi Arabia,International Summit,Riyadh,"Hosting the G20 marked Saudi Arabia's prominence on the global stage, despite controversies and criticisms.","Global leaders, Saudi citizens",Saudi Government,Mixed
531,Speak Mandarin Campaign Launched,Unknown,9,1979,Singapore,Cultural Policy,Singapore,Promotion of Mandarin over other Chinese dialects to strengthen national identity,Chinese Singaporeans,Singaporean Government,Positive
532,Elected Presidency Introduced,30,11,1991,Singapore,Political Reform,Singapore,Introduction of a directly elected President with custodial powers over national reserves,Singaporean citizens,Singaporean Government,Positive
537,Cable Car Disaster,29,1,1983,Singapore,Accident,Sentosa,"The cable car line between Mount Faber and Sentosa was severed, resulting in deaths and highlighting the need for stringent safety measures.",Tourists and locals,Unknown,Negative
538,Hotel New World Collapse,15,3,1986,Singapore,Structural Failure,Singapore,"The collapse of the Hotel New World due to structural failure marked one of the worst disasters in Singapore, leading to improvements in building safety regulations.",Victims and their families,Unknown,Negative
539,Execution of Barlow and Chambers,7,7,1986,Singapore,Judicial Execution,Singapore,The execution of two Australians for drug trafficking underscored Singapore's strict antiUnknowndrug laws.,Australian nationals,Singapore Government,Mixed
609,1979 Iranian Revolution,Unknown,2,1979,Iran,Revolution,Iran,"Establishment of the Islamic Republic of Iran, fall of the Pahlavi dynasty.",Iranian citizens,Ayatollah Khomeini,Mixed
611,IranUnknownIraq War,Unknown,9,1980,Iraq,Military Conflict,Iraq/Iran border,"Attempted to dominate the Persian Gulf region, resulted in stalemate and devastation.","Iraqi, Iranian citizens",Saddam Hussein,Negative
612,Gulf War,Unknown,1,1991,"Kuwait, Iraq",Military Conflict,Kazakhstan,Iraq's invasion of Kuwait leads to conflict and subsequent economic sanctions.,Iraqi citizens,"Saddam Hussein, Coalition Forces",Negative
613,Independence from the Soviet Union,16,12,1991,Kazakhstan,Independence,From Almaty to Astana,Kazakhstan declares sovereignty as the Soviet Union collapses.,Kazakh citizens,Nursultan Nazarbayev,Positive
614,Capital Moved to Astana,Unknown,12,1997,Uzbekistan,Administrative Change,Astana,Moving the capital was aimed at political and economic development.,Kazakh citizens,Nursultan Nazarbayev,Mixed
615,Independence from the Soviet Union,1,9,1991,Uzbekistan,Independence,Uzbekistan,Uzbekistan declares independence following the dissolution of the Soviet Union.,Uzbek citizens,Unknown,Positive
616,Death of Islam Karimov,Unknown,9,2016,Uzbekistan,Political Change,Bhutan,Transition of power after the death of longUnknowntime leader Islam Karimov.,Uzbek citizens,Unknown,Mixed
617,Introduction of Television,Unknown,6,1999,Bhutan,Cultural Change,Bhutan,"Marking the end of Bhutan's isolation, introduction of television and the internet.",Bhutanese citizens,Jigme Singye Wangchuck,Positive
618,First Democratic Elections,Unknown,3,2008,Bhutan,Political Development,Bhutan,Transition to a constitutional monarchy with the first democratic elections.,Bhutanese citizens,Jigme Khesar Namgyel Wangchuck,Positive
619,Introduction of a Multiparty System,Unknown,6,2005,Maldives,Political Reform,Maldives,Reformation towards a more democratic political system.,Maldivian citizens,Maumoon Abdul Gayoom,Positive
620,2004 Tsunami Impact,26,12,2004,Maldives,Natural Disaster,Indian Ocean,Devastation and subsequent reconstruction efforts highlighting vulnerability to climate change.,Maldivian citizens,Unknown,Negative
625,Green Movement,Unknown,6,2009,Iran,Political Movement,Iran,"Protests over the disputed presidential election results, calling for political reform.",Iranian citizens,Opposition supporters,Negative
626,ISIS Captures Mosul,10,6,2014,Mosul,Military Occupation,Mosul,"ISIS's rapid territorial gains in Iraq, leading to international military interventions.",Iraqi citizens,ISIS,Negative
627,Zhanaozen Massacre,16,12,2011,Zhanaozen,Civil Unrest,Zhanaozen,"Violent crackdown on striking oil workers, leading to numerous deaths and injuries.",Kazakh workers,Kazakhstan Government,Negative
628,Currency Convertibility Introduced,Unknown,9,2017,Uzbekistan,Economic Policy,Uzbekistan,Introduction of currency convertibility to boost investment and economic liberalization.,Uzbek citizens,Shavkat Mirziyoyev,Positive
630,Political Crisis and State of Emergency,Unknown,2,2018,Maldives,Political Crisis,Malé,Political tensions leading to a state of emergency and concerns over democracy.,Maldivian citizens,Abdulla Yameen,Negative
631,1MDB Scandal,Unknown,7,2015,Malaysia,Corruption Scandal,Malaysia,A major corruption scandal involving the state fund 1MDB and leading political figures.,Malaysian citizens,Najib Razak,Negative
632,US Withdrawal from the JCPOA,8,5,2018,Iran,Diplomatic Event,Iran,"US withdrawal from the nuclear deal, leading to heightened tensions and economic sanctions.",Iranian citizens,Donald Trump,Negative
633,Protests Against Corruption and Unemployment,Unknown,10,2019,Iraq,Civil Unrest,Baghdad,Nationwide protests demanding political reform and action against corruption.,Iraqi citizens,Protesters,Negative
634,Presidential Transition,19,3,2019,Kazakhstan,Political Change,NurUnknownSultan,"Nursultan Nazarbayev resigns after decades in power, KassymUnknownJomart Tokayev becomes president.",Kazakh citizens,"Nursultan Nazarbayev, KassymUnknownJomart Tokayev",Mixed
635,Release of Political Prisoners,Unknown,10,2016,Uzbekistan,Human Rights Improvement,Uzbekistan,"Following Karimov's death, numerous political prisoners were released as part of reforms.",Uzbek political prisoners,Shavkat Mirziyoyev,Positive
636,Decriminalization of Homosexuality,17,12,2020,Bhutan,Legal Reform,Bhutan,Amendment of the penal code to decriminalize sameUnknownsex relationships.,Bhutanese citizens,Bhutanese Parliament,Positive
637,Presidential Election Victory of Ibrahim Solih,23,9,2018,Maldives,Electoral Victory,Maldives,Marked a significant shift in the political landscape towards democratic reform.,Maldivian citizens,Ibrahim Mohamed Solih,Positive
638,Pakatan Harapan Electoral Victory,9,5,2018,Malaysia,General Election,Malaysia,"The opposition coalition's victory, ending six decades of UMNOUnknownled government rule.",Malaysian citizens,Mahathir Mohamad,Positive
639,Malaysia Airlines Flight MH370 Disappearance,8,3,2014,Malaysia,Aviation,Southern Indian Ocean,"Disappeared en route from Kuala Lumpur to Beijing with 239 people on board, remains missing.",239 passengers & crew,Boeing 777Unknown200ER,Negative
640,Japan Airlines Flight 123,12,8,1985,Japan,Aviation,Mount Takamagahara,The world's deadliest singleUnknownaircraft accident with 520 fatalities.,520 passengers & crew,Boeing 747SR,Negative
641,China Airlines Flight 611,25,5,2002,Taiwan,Aviation,Taiwan Strait,"Disintegration in midUnknownflight due to structural failure, killing all 225 aboard.",225 passengers & crew,Boeing 747Unknown209B,Negative
642,Korean Air Flight 801,6,8,1997,South Korea,Aviation,Guam,"Crashed on approach to Guam due to pilot error and adverse conditions, 228 fatalities.",254 passengers & crew,Boeing 747Unknown300,Negative
643,AirAsia Flight QZ8501,28,12,2014,Indonesia,Aviation,Java Sea,"Crashed into the Java Sea during bad weather, killing all 162 people on board.",162 passengers & crew,Airbus A320Unknown216,Negative
644,Pakistan International Airlines Flight 268,28,9,1992,Pakistan,Aviation,Kathmandu,"Crashed into a hillside on approach to Kathmandu, 167 fatalities.",167 passengers & crew,Airbus A300B4Unknown203,Negative
645,Philippine Airlines Flight 434,11,12,1994,Philippines,Aviation,Okinawa,"A bomb exploded on board, killing one and injuring several; part of a terrorist plot.","1 fatality, several injured",Boeing 747Unknown283B,Negative
646,SilkAir Flight 185,19,12,1997,Singapore,Aviation,Musi River,"Crashed into the Musi River, all 104 aboard died, cause of the crash was controversial.",104 passengers & crew,Boeing 737Unknown36N,Negative
647,OneUnknownTwoUnknownGO Airlines Flight 269,16,9,2007,Thailand,Aviation,Phuket,"Crashed on landing in poor weather conditions at Phuket, 90 fatalities.",130 passengers & crew,McDonnell Douglas MDUnknown82,Negative
648,MV Sewol Ferry Sinking,16,4,2014,South Korea,Maritime,Yellow Sea,"Ferry capsized and sank during a voyage to Jeju, over 300 dead, mostly high school students.",476 passengers & crew,MV Sewol,Negative
649,Fukushima Daiichi Nuclear Disaster,11,3,2011,Japan,Nuclear Accident,Fukushima Prefecture,"Earthquake and tsunami led to nuclear meltdowns, releasing significant amounts of radioactive material.",Residents of Fukushima,Fukushima Daiichi Nuclear Power Plant,Negative
650,Wenzhou Train Collision,23,7,2011,China,Rail,Wenzhou,"HighUnknownspeed train collision due to signal failure, causing 40 deaths and over 190 injuries.",Passengers,HighUnknownspeed Trains,Negative
651,MV Doña Paz Collision,20,12,1987,Philippines,Maritime,Tablas Strait,"Collided with a tanker, resulting in the world's deadliest peacetime maritime disaster with over 4,300 deaths.","Over 4,300 passengers & crew","MV Doña Paz, MT Vector",Negative
653,Sidoarjo Mud Flow,29,5,2006,Indonesia,Industrial Accident,Sidoarjo,"Gas exploration drilling mishap causing a mud volcano, displacing thousands and submerging villages.",Thousands displaced,Lapindo Brantas drilling rig,Negative
654,Tham Luang Cave Rescue,23,6,2018,Thailand,Rescue Operation,Tham Luang Cave,"A youth football team and their coach were trapped in a cave for 18 days, global rescue effort.",12 boys and their coach,"Divers, pumps, and rescue equipment",Positive
662,September 11 Attacks,11,9,2001,USA,Terrorism,"NY, VA, PA",Led to global War on Terror and significant changes in US policies.,"American citizens, global citizens",AlUnknownQaeda,Negative
663,First Mars Helicopter Flight,19,4,2021,USA,Space Exploration,Mars,Ingenuity helicopter made the first powered flight on another planet.,Global population,NASA,Positive
667,Challenger Space Shuttle Disaster,28,1,1986,USA,Space Exploration Disaster,"Cape Canaveral, FL","Space Shuttle Challenger broke apart shortly after launch, killing all seven crew members.","Astronauts, general public",NASA,Negative
668,Fall of the Berlin Wall,9,11,1989,USA,International,"Berlin, Germany",Symbolized the end of the Cold War and led to German reunification; significant US involvement.,Global population,"Ronald Reagan, Mikhail Gorbachev",Positive
669,Oklahoma City Bombing,19,4,1995,USA,Domestic Terrorism,"Oklahoma City, OK","Deadliest act of domestic terrorism in the US until 9/11, leading to 168 deaths.",American citizens,"Timothy McVeigh, Terry Nichols",Negative
670,Hurricane Katrina,29,8,2005,USA,Natural Disaster,Gulf Coast,"One of the deadliest hurricanes in US history, causing widespread destruction and loss of life.",Gulf Coast residents,Unknown,Negative
671,Black Lives Matter Movement,             ,7,2013,USA,Social Movement,Nationwide,Movement against violence and systemic racism towards black people.,African American community,"Activists, general public",Positive
672,Supreme Court Upholds Obamacare,28,6,2012,USA,Judicial,Washington D.C.,"Affirmed the constitutionality of the Affordable Care Act, ensuring continued health coverage.",American citizens,Supreme Court,Positive
673,USUnknownMexico Border Wall Expansion,             ,1,2017,USA,Political/Infrastructure,USUnknownMexico Border,Controversial project aimed at curbing illegal immigration and trafficking.,"Migrants, American citizens",Donald Trump,Mixed
674,SameUnknownSex Marriage Legalization,26,6,2015,USA,Legal,Nationwide,"Supreme Court legalized sameUnknownsex marriage, a landmark decision.","LGBTQ+ community, citizens","Supreme Court, LGBTQ+ activists",Positive
675,#MeToo Movement,             ,10,2017,USA,Social Movement,Nationwide,"Movement against sexual harassment and assault, sparking global conversations.","Survivors, general public","Tarana Burke, Alyssa Milano",Positive
676,Capitol Riot,6,1,2021,USA,Political,Washington D.C.,"Violent attack on the US Capitol, leading to concerns about democracy.",American citizens,"Proponents of false claims, law enforcement",Negative
677,George Floyd Protests and Derek Chauvin Trial,             ,5,2020,USA,Social Movement/Legal,Nationwide,Nationwide protests against racial injustice; Derek Chauvin's trial and conviction.,"Black community, citizens","Activists, legal system",Mixed
678,Paris Agreement Rejoining,20,1,2021,USA,Environmental,International,"Rejoined the Paris Agreement, signaling renewed commitment to climate action.",Global community,"Joe Biden, International leaders",Positive
679,Hurricane Sandy,29,10,2012,USA,Natural Disaster,East Coast,Devastating hurricane causing extensive damage and highlighting climate risks.,East Coast residents,"Local governments, relief efforts",Negative
680,Affordable Care Act (Obamacare) Implementation,             ,3,2010,USA,Healthcare,Nationwide,Implementation of the Affordable Care Act aimed at improving healthcare access.,American citizens,"Barack Obama, Healthcare professionals",Positive
685,Tech Boom and DotUnknowncom Bubble,             ,3,1990,USA,Economic,"Silicon Valley, CA","Rapid growth in tech industry, followed by a market crash in 2000.","Tech companies, investors","Tech entrepreneurs, investors",Mixed
686,Enactment of the Patriot Act,26,10,2001,USA,Legislative,Nationwide,"Expanded surveillance powers postUnknown9/11, raising privacy concerns.",American citizens,"George W. Bush, Congress",Mixed
687,Housing Market Crash and Great Recession,             ,12,2008,USA,Economic,Nationwide,"Triggered global financial crisis, leading to widespread economic hardship.","Homeowners, global economy","Financial institutions, government",Negative
688,Charlottesville Rally and Violence,12,8,2017,USA,Social Unrest,"Charlottesville, VA",Highlighted racial tensions and sparked national debate on hate groups.,"General public, activists","White supremacists, counterprotesters",Negative
689,US Recognition of Jerusalem as Israel's Capital,6,12,2017,USA,International Policy,International,"Shifted US foreign policy, leading to global reactions and tensions.",International community,"Donald Trump, Israeli government",Mixed
690,January 6 Capitol Attack,6,1,2021,USA,Domestic Terrorism,Washington D.C.,"Attempt to overturn the 2020 presidential election results, challenging democratic norms.",American public,"ProUnknownTrump rioters, U.S. Congress",Negative
691,Withdrawal from Afghanistan,30,8,2021,USA,Military,Afghanistan,"Ended America's longest war, resulting in rapid Taliban takeover.","Afghan citizens, U.S. military","U.S. Government, Taliban",Negative
692,First Woman Vice President Elected,20,1,2021,USA,Political,Nationwide,"Kamala Harris becomes the first female, first Black, and first Asian American vice president.",American citizens,"Kamala Harris, American voters",Positive
694,Launch of James Webb Space Telescope,25,12,2021,USA,Space Exploration,Space,"Advanced space observatory to study the universe, successor to Hubble.",Global community,"NASA, ESA, CSA",Positive
734,Canada Act 1982 (Patriation of the Constitution),17,4,1982,Canada,Legislative,Ottawa,"Gave Canada full sovereignty, including the ability to amend its constitution.",Canadians,"Pierre Elliott Trudeau, Queen Elizabeth II",Positive
735,Oka Crisis,11,7,1990,Canada,Social Unrest,"Oka, Quebec","Standoff between Mohawk protesters, Quebec police, and the Canadian army.","Mohawk community, Canadians","Mohawk protestors, Canadian government",Negative
736,NAFTA Agreement Signed,17,12,1992,Canada,Economic,Ottawa,North American Free Trade Agreement altered trade relations with the U.S. and Mexico.,Canadian businesses,Brian Mulroney,Mixed
737,Apology to Residential School Survivors,11,6,2008,Canada,Social Justice,Ottawa,Official apology to Indigenous peoples for the residential school system.,Indigenous communities,Stephen Harper,Positive
738,Vancouver Winter Olympics,12,2,2010,Canada,Sports,Vancouver,"Hosted the Winter Olympics, showcasing Canada on the world stage.","Athletes, global audience",VANOC,Positive
739,Legalization of SameUnknownSex Marriage,20,7,2005,Canada,Legislative,Nationwide,Made Canada the fourth country worldwide to legalize sameUnknownsex marriage.,LGBTQ+ community,Paul Martin,Positive
740,Cannabis Legalization,17,10,2018,Canada,Legislative,Nationwide,Canada became the second country to legalize the recreational use of cannabis.,Canadian adults,Justin Trudeau,Positive
741,Murdered and Missing Indigenous Women Inquiry,8,12,2015,Canada,Social Justice,Nationwide,National inquiry into the systemic causes of violence against Indigenous women.,Indigenous communities,Justin Trudeau,Ongoing
742,Fort McMurray Wildfire,1,5,2016,Canada,Natural Disaster,"Fort McMurray, AB","One of Canada's costliest disasters, leading to massive evacuations.",Residents of Fort McMurray,Unknown,Negative
743,Establishment of Nunavut,1,4,1999,Canada,Political,Northern Canada,"Creation of Nunavut as a territory, acknowledging Inuit selfUnknowngovernance.",Inuit population,"Canadian Government, Inuit leaders",Positive
744,Quebec Referendum on Sovereignty,30,10,1995,Canada,Political,Quebec,"Referendum on Quebec's independence from Canada, narrowly defeated.",Quebecers,"Jacques Parizeau, Lucien Bouchard",Negative
745,Charlottetown Accord Referendum,26,10,1992,Canada,Political,Nationwide,Proposed constitutional changes defeated in a national referendum.,Canadian citizens,"Brian Mulroney, Provincial Premiers",Negative
758,Patriation of the Canadian Constitution,17,4,1982,Canada,Legislative,Ottawa,Canada gained full sovereignty with the ability to amend its own constitution.,Canadians,"Pierre Elliott Trudeau, Queen Elizabeth II",Positive
759,Establishment of Nunavut,1,4,1999,Canada,Political,Northern Canada,Creation of Nunavut provided a separate territory for the Inuit people.,Inuit population,Canadian Government,Positive
777,Falklands War,2,4,1982,UK,Military,Falkland Islands,Reasserted British control over the Falklands,UK and Argentina,UK Government,Mixed
778,Good Friday Agreement,10,4,1998,UK,Peace Process,Northern Ireland,Ended most of the violence of the Troubles,Northern Irish population,UK and Irish Governments,Positive
779,Brexit Referendum,23,6,2016,UK,Political,UK,UK voted to leave the European Union,British population,UK Government,Mixed
786,First Human DNA Sequencing,10,5,1997,UK,Scientific,Aldermaston,Significant advancement in genetics and medicine,Global scientific community,Frederick Sanger,Positive
787,Scottish Devolution Referendum,11,9,1997,UK,Political,Scotland,Established a devolved Scottish Parliament,Scottish population,UK Government,Positive
788,London Underground Bombings,7,7,2005,UK,Terrorism,London,Major terrorist attack on public transport,London's population,Islamist terrorists,Negative
789,2012 London Olympics,27,7,2012,UK,Sporting Event,London,Showcased UK on global stage and boosted economy,UK and global visitors,International Olympic Committee,Positive
790,SameUnknownSex Marriage Legalized,29,3,2014,UK,Legislation,UK,Legalization of sameUnknownsex marriage in England and Wales,British LGBTQ+ community,UK Government,Positive
791,Scottish Independence Referendum,18,9,2014,UK,Political,Scotland,Scotland voted to remain in the UK,Scottish population,Scottish Government,Positive
792,Grenfell Tower Fire,14,6,2017,UK,Disaster,London,Deadly fire causing significant loss of life and raising safety concerns,London's population,Local authorities,Negative
793,COVIDUnknown19 Pandemic in the UK,March,1,2020,UK,Health,London and nationwide,Significant impact on public health and economy,British population,UK Government,Negative
794,Prince Philip's Death,9,4,2021,UK,Royal Event,Windsor,Marked the end of an era in the British monarchy,British population,Royal Family,Negative
804,British Exit from the European Exchange Rate Mechanism,16,9,1992,UK,Economic,UK,'Black Wednesday' financial crisis,British economy,UK Government,Negative
806,First Cloned Mammal Unknown Dolly the Sheep,5,7,1996,UK,Scientific,Roslin Institute,Advancement in cloning technology,Scientific community,Ian Wilmut and team,Positive
807,UK Hosts the G8 Summit,17,7,2005,UK,International Politics,Gleneagles,Focus on climate change and Africa's development,Global leaders,UK Government,Positive
808,Theresa May becomes Prime Minister,13,7,2016,UK,Political,London,Second female Prime Minister in UK history,British population,Conservative Party,Mixed
809,UK Authorizes COVIDUnknown19 Vaccine,2,12,2020,UK,Health,UK,First country to authorize a COVIDUnknown19 vaccine for emergency use,British and global populations,UK Government,Positive
819,UK Hosts the First Rugby World Cup,Unknown,10,1987,UK,Sporting Event,Various,Inaugural Rugby World Cup,International rugby fans,Rugby Football Union,Positive
838,SameUnknownSex Marriage Legalized,18,5,2013,France,Legislation,Paris,Legalization of sameUnknownsex marriage in France,French LGBTQ+ community,French Government,Positive
839,NotreUnknownDame de Paris Fire,15,4,2019,France,Disaster,Paris,Destruction and damage to a historic landmark,Global and French population,Unknown,Negative
840,Yellow Vest Protests,17,11,2018,France,Protests,Various,Nationwide protests against fuel taxes and economic inequality,French population,Protesters,Mixed
841,France Wins the 2018 FIFA World Cup,15,7,2018,France,Sport,Moscow,Second World Cup win boosting national pride,French population,French national football team,Positive
855,Introduction of the Euro,1,1,1999,France,Economic,Paris,Adoption of the Euro as currency,European Union members,French Government,Positive
856,France Bans Smoking in Public Places,1,1,2007,France,Health,Various,Public health measure to reduce smoking,French population,French Government,Positive
880,Mani Pulite (Clean Hands) Investigation Begins,17,2,1992,Italy,Corruption Investigation,Milan,Exposure of widespread political corruption,Italian political class,Italian judiciary,Positive
881,Berlusconi Elected Prime Minister,27,3,1994,Italy,Political Change,Rome,Shift in Italian politics and media landscape,Italian population,Silvio Berlusconi,Mixed
882,2006 Winter Olympics in Turin,10,2,2006,Italy,Sporting Event,Turin,Showcased Italy on a global stage,Global and Italian populations,International Olympic Committee,Positive
883,L'Aquila Earthquake,6,4,2009,Italy,Natural Disaster,L'Aquila,Significant loss of life and damage to heritage sites,L'Aquila population,Nature,Negative
884,Costa Concordia Shipwreck,13,1,2012,Italy,Maritime Disaster,Giglio Island,Loss of lives and environmental impact,Cruise passengers and crew,Captain Francesco Schettino,Negative
885,Expo 2015 in Milan,1,5,2015,Italy,World Expo,Milan,Global cultural and technological exhibition,Global and Italian populations,International Exhibitions Bureau,Positive
895,2004 Madrid Train Bombings,11,3,2004,Spain,Terrorism,Madrid,Highlighted the threat of international terrorism,Citizens of Madrid,Terrorist groups,Negative
897,Entry into the European Union,1,1,1986,Spain,Political/Economic Integration,Europe,Boosted economic growth and integration into European community,Spanish population,Spanish Government,Positive
910,Barcelona Olympics,25,7,1992,Spain,International Event,Barcelona,Showcased Spain on the global stage,"International, Spanish population","International Olympic Committee, Spanish Government",Positive
911,AntiUnknownterrorism Pact,8,12,2000,Spain,Political,Spain,Bipartisan effort against ETA terrorism,Spanish population,Spanish political parties,Positive
912,Financial Crisis Impact,Unknown,9,2008,Spain,Economic,Spain,"Severe economic downturn, unemployment rise",Spanish population,Global Financial Crisis,Negative
913,Catalan Independence Referendum,1,10,2017,Spain,Political/Secession,Catalonia,Intensified national debate on regional independence,"Catalan population, Spanish population","Catalan Government, Spanish Government",Negative
914,Women's Rights March,8,3,2018,Spain,Social Movement,Nationwide,Largest feminist demonstration in Spanish history,"Spanish population, especially women",Women's rights organizations,Positive
915,Exhumation of Francisco Franco,24,10,2019,Spain,Historical Reconciliation,Valle de los Caídos,Addressed historical memory issues,Spanish population,Spanish Government,Positive
916,Madrid's Bid for 2020 Olympics,7,9,2013,Spain,International Event,Madrid,"Boosted city's infrastructure and global image, despite not winning the bid","Madrid's population, International","Spanish Government, IOC",Mixed
917,Approval of SameUnknownSex Marriage,30,6,2005,Spain,Social Policy,Spain,Made Spain one of the first countries to legalize sameUnknownsex marriage,"LGBTQ+ community, Spanish population",Spanish Government,Positive
918,ETA's Permanent Ceasefire,20,10,2011,Spain,Peace/Security,Basque Country,End of ETA's armed campaign for Basque independence,"Basque population, Spanish population","ETA, Spanish Government",Positive
919,Austerity Measures During Crisis,Unknown,5,2010,Spain,Economic Policy,Spain,"Addressed economic crisis, led to social unrest",Spanish population,"Spanish Government, EU",Negative
920,NoUnknownConfidence Vote Against Rajoy,1,6,2018,Spain,Political,Spain,"Led to the fall of Rajoy's government, Pedro Sánchez becomes Prime Minister",Spanish population,Spanish Parliament,Mixed
925,2010 FIFA World Cup Victory,11,7,2010,South Africa,Sports,Johannesburg,"First World Cup win, boosted national pride","Spanish population, international",Spanish National Football Team,Positive
926,Launch of AVE HighUnknownSpeed Train,21,4,1992,Spain,Infrastructure,Between MadridUnknownSeville,Modernized Spain's transport system,"Spanish population, travelers",Spanish Government,Positive
927,Law of Historical Memory,26,12,2007,Spain,Legislation,Spain,"Addressed the legacy of Franco's regime, civil war victims",Spanish population,Spanish Government,Positive
979,Rwandan Genocide,Unknown,4,1994,Rwanda,Genocide,Rwanda,Mass slaughter of the Tutsi population.,Rwandans,"Hutu government officials, militias",Negative
981,Somali Civil War Begins,Unknown,1,1991,Somalia,Civil War,Somalia,Led to state collapse and ongoing conflict.,Somalis,"Various warlords, clans",Negative
983,Independence from South Africa,21,3,1990,Namibia,Independence,Namibia,End of South African rule and apartheid in Namibia.,Namibians,"SWAPO, United Nations",Positive
1000,August Revolution,4,8,1983,Burkina Faso,Revolution,Burkina Faso,"Thomas Sankara came to power, initiating radical reforms.",Burkinabè,Thomas Sankara,Positive
1001,Independence from Britain,18,4,1980,Zimbabwe,Independence,Zimbabwe,Marked the end of Rhodesian rule and the beginning of majority rule.,Zimbabweans,Robert Mugabe,Positive
1005,Independence from Ethiopia,24,5,1993,Eritrea,Independence,Eritrea,"Achieved de facto independence after a 30Unknownyear war, followed by a UNUnknownsupervised referendum.",Eritreans,"EPLF, UN",Positive
1006,Nelson Mandela's Release from Prison,11,2,1990,South Africa,Political,South Africa,Marked the beginning of the end of apartheid.,South Africans,"F.W. de Klerk, ANC",Positive
1007,Signing of Arusha Accords,4,8,1993,Rwanda,Peace Agreement,"Arusha, Tanzania",Attempted to end the Rwandan Civil War.,Rwandans,"Rwandan Government, RPF",Mixed
1008,Comprehensive Peace Agreement,9,1,2005,Sudan,Peace Agreement,Sudan,"Ended the Second Sudanese Civil War, led to South Sudan's independence.","Sudanese, South Sudanese","SPLM, Government of Sudan",Positive
1009,Libyan Civil War,17,2,2011,Libya,Civil War,Libya,Overthrow of Muammar Gaddafi's regime.,Libyans,"NTC, NATO, Gaddafi regime",Mixed
1012,Tunisian Revolution,18,12,2010,Tunisia,Revolution,Tunisia,"Triggered the Arab Spring, leading to democratization.",Tunisians,"Mohamed Bouazizi, Civil Society",Positive
1013,Abolition of Slavery,6,8,1981,Mauritania,Legal,Mauritania,"First country in the world to abolish slavery by law, though enforcement issues remain.",Mauritanians,Mauritanian Government,Positive
1035,Movement for Multiparty Democracy,Unknown,7,1991,Zambia,Political,Zambia,Transition from oneUnknownparty state to multiparty democracy.,Zambians,Frederick Chiluba,Positive
1036,Mozambique Civil War Ends,4,10,1992,Mozambique,Peace Agreement,"Rome, Italy","End of a devastating civil war, leading to peace and reconstruction.",Mozambicans,"Joaquim Chissano, RENAMO",Positive
1037,End of Apartheid,27,4,1994,South Africa,General Elections,South Africa,"First democratic elections open to all races, Nelson Mandela elected.",South Africans,"Nelson Mandela, ANC",Positive
1038,Eritrean Independence Referendum,23Unknown25,4,1993,Ethiopia,Referendum,Eritrea,Eritreans vote for independence from Ethiopia.,Eritreans,"EPLF, UN",Positive
1039,Namibian Independence,21,3,1990,Namibia,Independence,Namibia,Independence from South African rule.,Namibians,"Sam Nujoma, UN",Positive
1040,Land Reform Program Begins,Unknown,2,2000,Zimbabwe,Land Reform,Zimbabwe,Controversial redistribution of land from white to black Zimbabweans.,Zimbabweans,Robert Mugabe,Mixed
1041,Algerian Civil War Ends,Unknown,2,2002,Algeria,Peace Agreement,Algeria,End of a decadeUnknownlong civil war.,Algerians,Algerian Government,Positive
1042,End of Sierra Leone Civil War,18,1,2002,Sierra Leone,Peace Agreement,Sierra Leone,"Marked the end of the civil war, beginning of peacebuilding efforts.",Sierra Leoneans,"Government of Sierra Leone, RUF, UN",Positive
1043,Gacaca Courts Initiated,Unknown,6,2001,Rwanda,Justice System,Rwanda,"Community courts to address the genocide, promoting reconciliation and justice.",Rwandans,Rwandan Government,Mixed
1044,Joseph Kony Insurgency Declines,Unknown,7,2011,Uganda,Military,Northern Uganda,"Significant decline in LRA activities, improvement in regional security.",Ugandans,"Ugandan Military, International Efforts",Positive
1045,Fall of Gaddafi,20,10,2011,Libya,Revolution,"Sirte, Libya","Marked the end of Muammar Gaddafi's 42Unknownyear rule, leading to a period of instability.",Libyans,"NATO, Libyan Rebels",Mixed
1046,Egyptian Revolution of 2011,25,1,2011,Egypt,Revolution,"Cairo, Egypt",Led to the overthrow of President Hosni Mubarak.,Egyptians,"Egyptian protestors, military",Mixed
1047,Coup d'état,22,3,2012,Mali,Coup,"Bamako, Mali","Military coup overthrew the government, leading to political instability and conflict.",Malians,"Malian soldiers, Amadou Sanogo",Negative
1048,Seleka Rebellion Begins,Unknown,12,2012,Central African Republic,Rebellion,Central African Republic,"Sparked a civil war, leading to ongoing conflict and humanitarian crisis.",Central Africans,Seleka coalition,Negative
1049,Boko Haram Insurgency Intensifies,Unknown,7,2009,Nigeria,Insurgency,Northeast Nigeria,"Led to thousands of deaths and displacement, challenging national security.",Nigerians,Boko Haram,Negative
1050,Independence from Sudan,9,7,2011,South Sudan,Independence,South Sudan,"Became the newest country in the world, following a referendum.",South Sudanese,"SPLM, International Community",Positive
1051,Fall of Blaise Compaoré,31,10,2014,Burkina Faso,Revolution,"Ouagadougou, Burkina Faso","Ended Blaise Compaoré's 27Unknownyear rule, sparked by mass protests.",Burkinabè,Burkinabè protestors,Positive
1052,Coup d'état Leads to Mugabe's Resignation,21,11,2017,Zimbabwe,Coup,"Harare, Zimbabwe","Ended Robert Mugabe's 37Unknownyear rule, Emmerson Mnangagwa became president.",Zimbabweans,"Zimbabwean Military, Emmerson Mnangagwa",Mixed
1053,Appointment of Abiy Ahmed,2,4,2018,Ethiopia,Political,Ethiopia,Led to significant political reforms and a peace agreement with Eritrea.,Ethiopians,Abiy Ahmed,Positive
1054,Sudanese Revolution,19,12,2018,Sudan,Revolution,Sudan,"Overthrow of President Omar alUnknownBashir, leading to transitional government.",Sudanese,"Sudanese protestors, military",Positive
1055,Hirak Protest Movement,22,2,2019,Algeria,Protest Movement,Algeria,Led to the resignation of President Abdelaziz Bouteflika after 20 years in power.,Algerians,Algerian protestors,Positive
1056,Abolition of Slavery Enforced,Unknown,8,1981,Mauritania,Legal,Mauritania,"Criminalization of slavery, though challenges in enforcement remain.",Mauritanians,Mauritanian Government,Mixed
1057,Operation Carlota Ends,Unknown,5,1989,Angola,Military Withdrawal,Angola,"Cuban military withdrawal, pivotal in ending South African apartheid.","Angolans, Cubans",Cuban Government,Positive
1058,Nairobi's DusitD2 Complex Attack,15,1,2019,Kenya,Terrorism,"Nairobi, Kenya",Highlighted the ongoing threat of terrorism in East Africa.,Kenyans,AlUnknownShabaab,Negative
1059,Cyclone Idai,14,3,2019,Mozambique,Natural Disaster,"Mozambique, Zimbabwe, Malawi","One of the worst tropical cyclones on record in Africa, causing widespread destruction.","Mozambicans, Zimbabweans, Malawians",Climate,Negative
1060,Tigray Conflict Begins,4,11,2020,Ethiopia,Conflict,"Tigray, Ethiopia","Conflict between Ethiopian government forces and TPLF, leading to humanitarian crisis.",Ethiopians,"Ethiopian Government, TPLF",Negative
1061,#EndSARS Protests,8,10,2020,Nigeria,Protest Movement,Nigeria,Nationwide protests against police brutality and corruption.,Nigerians,"Nigerian Youth, Various Activists",Mixed
1062,Juba Peace Agreement,3,10,2020,Sudan,Peace Agreement,"Juba, South Sudan","Aimed at ending conflicts in Darfur, South Kordofan, and Blue Nile states.",Sudanese,"Sudanese Transitional Government, Rebel Groups",Positive
1063,2021 General Elections,14,1,2021,Uganda,Election,Uganda,"Marked by allegations of fraud and violence, Yoweri Museveni reUnknownelected.",Ugandans,"Yoweri Museveni, Bobi Wine",Mixed
1064,Death of President Idriss Déby,20,4,2021,Chad,Military,Chad,"Died from injuries sustained in clashes with rebels, leading to political uncertainty.",Chadians,"Idriss Déby, FACT Rebels",Negative
1071,Direct Elections Now Campaign,Unknown,1,1984,Brazil,Political Movement,Brazil,Nationwide protests for direct presidential elections,Brazilian population,Civil society groups,Positive
1072,Real Plan Implementation,1,7,1994,Brazil,Economic,Brazil,Stabilization of Brazilian economy and introduction of the Real (R$),Brazilian economy,Itamar Franco,Positive
1073,Lula da Silva's Presidency,1,1,2003,Brazil,Political,Brazil,First workingUnknownclass president,Brazilian population,Luiz Inácio Lula da Silva,Positive
1074,FIFA World Cup Victory,30,6,2002,Brazil,Sports,Sweden,Brazil wins its first FIFA World Cup boosting national pride,Brazilian population,Football team,Positive
1077,Fernando Collor's Impeachment,29,12,1992,Brazil,Political,Brazil,First Brazilian president to be impeached due to corruption charges,Brazilian population,National Congress,Mixed
1078,Plano Real Economic Stabilization,1,7,1994,Brazil,Economic,Brazil,Introduction of the Real (R$) to stabilize the Brazilian economy,Brazilian economy,Itamar Franco,Positive
1079,Rio Earth Summit,Unknown,6,1992,Brazil,Environmental,Rio de Janeiro,International conference on environment and sustainability,Global population,UN,Positive
1080,FHC Presidency (Fernando Henrique Cardoso),1,1,1995,Brazil,Political,Brazil,Implementation of economic reforms and Plano Real,Brazilian population,Fernando Henrique Cardoso,Positive
1081,Mensalão Scandal,Unknown,6,2005,Brazil,Political Scandal,Brazil,Major corruption scandal involving bribery and misuse of public funds,Brazilian population,Various politicians,Negative
1082,Dilma Rousseff's Impeachment,31,8,2016,Brazil,Political,Brazil,Second Brazilian president to be impeached accused of fiscal mismanagement,Brazilian population,Unknown,Mixed
1083,Zika Virus Outbreak,Unknown,5,2015,Brazil,Health,Brazil,Major health crisis linked to birth defects sparking international concern,Brazilian population,Unknown,Negative
1084,Operation Car Wash (Lava Jato),Unknown,3,2014,Brazil,Corruption Investigation,Brazil,Extensive corruption investigation impacting politics and businesses,Brazilian population,Federal Police,Mixed
1085,Amazon Rainforest Wildfires,Unknown,8,2019,Brazil,Environmental,Amazon Rainforest,International attention on Brazil's environmental policies and conservation efforts,Global and local environment,Various stakeholders,Negative
1086,Bolsonaro Presidency Begins,1,1,2019,Brazil,Political,Brazil,Marked by controversial environmental policies and conservative agenda,Brazilian population,Jair Bolsonaro,Mixed
1115,The Berlin Wall Falls,Unknown,11,1989,Germany,Political,Berlin,Symbolic end of the Cold War leading to German reunification,East and West Germans,East German government,Positive
1116,German Reunification,Unknown,10,1990,Germany,Political,Germany,Reunification of East and West Germany into a single German state,Helmut Kohl,Mikhail Gorbachev,Positive
1117,Treaty on the Final Settlement with Respect to Germany,Unknown,9,1990,Germany,Political,Moscow,Ended the Four Power rights and responsibilities for Germany and Berlin paving the way for German reunification,Germans,Two Plus Four Agreement negotiators,Positive
1118,Establishment of the European,Unknown,2,1992,Germany,Political,Maastricht,The Maastricht Treaty laid the foundation for further European integration,Europeans,European Community members,Positive
1119,Adoption of the Euro,Unknown,1,2002,Germany,Economic,Germany,Introduction of the Euro as the official currency replacing the Deutsche Mark,Germans,European Central Bank,Positive
1120,2006 FIFA World Cup,Unknown,7,2006,Germany,Sports,Germany,Hosted the FIFA World Cup showcasing Germany on the global stage,International audience,FIFA,Positive
1121,Refugee Crisis,Unknown,4,2015,Germany,Humanitarian,Germany,Germany opens its borders to a large number of refugees sparking debates on immigration policy,Refugees,German population,Mixed
1128,Falklands War,2,4,1982,Argentina,Military,Falkland Islands,Conflict with the UK over the Falkland Islands leading to Argentine defeat,Argentinians,British,Negative
1129,Return to Democracy,10,12,1983,Argentina,Political,Argentina,End of military rule and restoration of democracy,Argentinians,Raúl Alfonsín,Positive
1130,2001 Economic Crisis,1,12,2001,Argentina,Economic,Argentina,Severe economic crisis leading to social unrest and governmental changes,Argentinians,Fernando de la Rúa,Negative
1131,SameUnknownSex Marriage Law,15,7,2010,Argentina,Legal,Argentina,First country in Latin America to legalize sameUnknownsex marriage,Argentinians,Argentine Legislature,Positive
1132,Nationalization of YPF,16,4,2012,Argentina,Economic,Argentina,Government takeover of YPF from Repsol,Argentinians,Cristina Fernández de Kirchner,Mixed
1134,Economic Crisis and IMF Loan,Unknown,4,2018,Argentina,Economic,Argentina,Severe economic crisis leading to the largest IMF loan in history,Argentinians,"Mauricio Macri, IMF",Negative
1135,Jorge Mario Bergoglio becomes Pope Francis,13,3,2013,Argentina,Religious,Vatican City,First Pope from the Americas global impact on Catholic Church,Catholics worldwide,Jorge Mario Bergoglio,Positive
1136,Cacerolazo Protests,Unknown,12,2001,Argentina,Social Movement,Argentina,Mass protests against the government's handling of the economic crisis,Argentinians,Unknown,Positive
1137,Legalization of Abortion,Unknown,12,2020,Argentina,Legal,Argentina,Legalization of abortion up to the 14th week of pregnancy,Argentinians,Argentine Legislature,Positive
